"id","Cluster","Quality"
1,2,6
2,9,6
3,7,6
4,10,6
5,10,6
6,7,6
7,9,6
8,2,6
9,9,6
10,7,6
11,7,5
12,7,5
13,7,5
14,5,7
16,8,7
19,7,6
20,9,5
22,4,7
23,6,8
25,6,6
26,10,6
27,6,6
28,6,6
29,7,6
30,8,7
31,3,6
32,7,6
33,7,6
34,6,6
35,3,5
37,9,5
38,1,6
39,3,5
40,3,5
43,9,6
44,6,6
45,6,6
46,6,7
47,10,4
48,10,5
49,9,6
50,6,5
51,6,6
52,6,7
53,5,7
54,5,6
56,1,6
57,2,6
58,3,6
59,9,6
60,6,6
62,3,6
64,9,6
65,9,6
67,5,7
69,8,8
70,3,5
71,10,6
72,10,5
74,7,6
75,8,8
76,3,5
77,4,7
78,8,7
79,3,5
82,2,6
83,10,5
84,10,6
88,10,6
92,10,5
93,5,7
94,5,7
95,1,7
96,2,6
98,7,7
101,2,5
102,10,5
103,3,5
104,2,5
105,2,5
106,3,6
107,10,5
108,2,6
109,2,6
110,6,5
112,2,5
113,2,5
114,10,5
115,10,5
117,5,6
118,7,6
119,2,5
120,2,5
122,2,5
123,3,5
124,9,6
126,1,6
127,9,5
128,10,7
129,6,7
130,6,6
131,9,5
132,10,7
133,10,5
134,2,5
135,10,5
136,2,5
137,7,6
139,8,7
140,7,6
141,9,5
143,7,6
144,7,6
145,7,6
146,4,6
147,5,6
149,5,7
150,9,6
151,1,7
152,2,6
153,9,6
154,7,5
156,2,6
157,2,6
158,5,7
161,5,7
162,3,5
163,9,5
164,2,6
165,2,5
166,2,5
167,2,6
168,4,7
169,3,5
171,8,6
172,7,6
173,4,4
174,5,7
175,2,5
176,1,6
177,4,4
178,10,5
180,10,6
181,10,6
182,10,5
183,2,5
184,2,6
185,2,5
186,2,5
187,10,6
188,9,5
190,10,4
191,10,6
192,2,5
193,1,6
194,6,5
198,10,5
199,2,5
200,10,5
201,2,5
202,2,5
204,6,6
205,9,4
206,3,5
207,3,5
211,9,5
212,8,7
213,3,5
214,6,6
215,5,7
216,10,5
217,1,5
218,10,5
219,3,5
220,1,5
221,1,5
223,5,7
224,6,6
226,3,5
227,6,6
229,6,6
230,3,5
232,10,6
233,10,6
234,2,6
235,2,6
236,2,6
237,2,6
240,3,6
241,2,5
242,7,5
243,4,7
244,10,6
245,2,5
247,8,7
248,5,7
249,5,7
250,9,5
253,2,5
254,5,3
255,6,6
256,6,8
257,9,7
258,9,7
259,5,6
260,5,4
261,6,6
262,2,5
263,7,5
264,2,6
265,9,6
266,2,5
267,10,6
271,10,6
273,3,5
275,2,5
276,10,6
277,10,6
278,7,5
279,7,4
280,8,7
281,4,8
283,10,4
284,2,5
285,2,5
286,10,5
287,2,6
288,2,7
289,2,7
290,2,7
291,2,7
292,6,6
293,2,5
294,6,7
296,6,6
299,2,6
300,7,6
302,7,6
304,5,6
305,10,6
306,10,6
307,10,5
308,10,6
309,9,7
310,9,6
311,8,7
313,6,6
314,10,6
315,10,5
317,1,6
318,1,5
319,5,7
320,6,6
322,1,5
323,1,6
324,1,6
325,1,5
327,2,6
328,6,6
329,2,6
330,7,5
331,8,8
332,1,5
333,5,6
334,3,5
335,9,5
336,5,6
337,5,6
338,10,6
339,6,5
341,3,7
342,7,6
343,3,6
344,6,5
345,6,6
346,6,6
347,5,7
348,2,6
349,3,6
350,2,5
351,8,7
352,1,7
353,9,6
354,1,7
355,10,6
356,2,6
357,2,6
360,6,6
361,3,6
362,9,5
363,6,6
364,2,6
365,5,7
366,8,7
368,9,6
369,6,6
370,4,5
371,9,6
372,6,6
374,9,6
375,5,7
376,5,7
377,9,7
378,7,7
379,6,6
380,9,7
381,7,7
382,2,6
383,3,6
384,9,6
385,5,7
386,5,7
387,5,7
389,6,6
390,2,7
391,2,7
392,4,5
394,8,6
395,2,5
397,7,5
398,5,6
399,3,5
400,5,6
401,5,6
402,2,5
404,2,5
405,8,6
407,5,7
409,6,6
410,7,5
411,2,6
413,7,5
414,7,5
415,2,6
417,7,6
418,10,5
419,7,6
420,6,6
421,4,7
422,10,6
423,10,6
424,10,6
425,6,7
426,10,6
427,10,6
428,2,5
429,7,5
430,2,5
431,2,5
432,9,5
433,10,7
435,5,8
436,5,7
437,6,5
438,8,8
439,10,7
441,8,7
442,6,6
443,5,8
445,3,6
446,4,3
447,5,5
448,3,6
449,3,6
450,6,7
452,9,5
453,6,7
454,6,7
455,6,7
456,3,6
457,5,7
458,3,5
459,6,6
461,3,5
462,3,5
463,3,5
464,9,6
467,3,6
468,9,6
470,2,5
472,10,5
473,4,6
474,6,7
475,9,6
476,2,5
477,4,7
478,8,6
480,6,6
481,10,5
482,5,6
483,3,5
484,10,5
486,6,6
487,6,6
488,4,6
489,6,6
490,10,6
491,4,6
492,4,7
493,10,6
494,8,6
495,6,6
496,5,6
498,8,6
499,6,5
501,2,6
503,6,6
504,6,5
505,2,6
506,2,6
511,9,6
512,4,6
513,8,6
514,4,6
515,1,7
516,6,6
517,1,5
518,1,6
519,8,6
520,4,5
521,7,5
522,7,5
523,4,6
524,4,6
525,5,5
527,4,4
528,5,6
530,5,6
533,2,6
534,2,6
535,2,6
536,2,5
537,2,5
538,2,6
539,9,5
540,6,6
541,6,4
543,6,6
544,6,6
545,3,6
546,6,6
547,6,6
548,7,6
549,6,7
551,2,7
553,4,7
554,2,7
555,4,7
558,9,6
559,3,5
560,8,6
561,6,7
562,9,5
563,2,6
566,3,6
567,4,6
568,10,5
569,10,6
570,10,6
572,5,7
573,2,5
574,1,7
575,1,7
576,1,6
577,1,6
578,1,7
579,5,7
580,5,7
582,9,5
583,1,6
584,3,6
585,6,7
586,3,6
587,10,6
588,5,7
589,6,7
590,6,6
591,3,5
592,6,6
593,10,5
596,6,7
597,10,5
598,7,6
599,3,8
600,8,7
602,7,6
605,8,6
606,8,6
607,6,5
608,6,5
609,3,5
610,6,6
611,8,8
612,7,6
617,8,7
618,1,6
619,1,6
620,7,6
623,9,6
624,7,5
626,3,8
628,10,6
629,10,6
630,8,6
631,3,5
632,3,5
633,6,6
634,10,5
635,6,6
636,6,6
637,6,7
638,3,5
639,10,5
640,10,5
641,5,7
642,3,4
643,10,6
644,3,5
645,3,5
646,10,5
648,3,6
649,10,5
650,2,7
651,2,7
652,2,7
653,2,7
654,3,6
655,8,7
656,4,6
658,9,5
659,1,5
661,9,5
662,6,7
664,9,5
665,10,6
666,9,5
667,8,6
668,10,6
669,6,6
670,10,5
671,2,6
672,8,6
673,6,8
674,6,6
675,10,5
676,10,6
677,10,6
678,5,7
679,5,7
680,5,7
681,1,5
683,3,6
685,1,5
686,10,5
687,6,7
689,10,6
690,8,7
691,6,4
692,10,6
693,10,5
694,10,5
696,10,5
697,8,6
698,2,5
699,2,5
700,2,5
703,9,4
704,9,6
705,5,6
706,7,5
707,10,5
708,1,6
709,2,6
710,9,5
711,10,5
712,7,6
713,7,6
714,10,5
715,6,6
716,6,7
717,2,6
718,2,5
719,6,7
720,6,7
721,10,5
722,6,5
723,5,6
724,4,8
725,7,7
726,9,5
727,8,7
728,7,5
729,6,5
731,3,6
732,10,6
734,2,6
735,10,5
736,9,6
737,2,6
738,10,5
739,1,7
740,9,6
742,5,6
743,6,6
744,3,5
745,9,5
747,10,6
748,1,6
749,10,6
750,1,6
751,1,6
752,10,6
754,10,6
756,4,7
757,10,5
761,10,6
762,10,6
763,2,5
765,6,6
766,1,6
768,8,6
769,3,7
770,3,7
771,6,7
774,3,5
777,7,6
778,2,5
780,2,8
782,2,6
784,2,8
785,2,5
786,3,6
787,3,6
788,3,6
789,9,7
790,3,6
791,3,6
792,8,7
794,8,7
795,1,5
796,10,5
797,2,6
799,9,6
800,8,8
802,10,5
803,2,5
804,3,7
805,9,6
807,10,5
808,10,6
809,10,6
810,10,6
811,10,5
813,6,7
814,3,6
816,9,5
817,7,5
819,9,5
821,5,9
823,9,5
824,9,6
825,7,5
826,6,6
827,6,6
828,4,9
829,7,7
830,7,7
832,8,4
833,8,8
834,4,6
836,4,8
837,1,8
838,1,8
839,1,8
840,4,7
841,4,7
842,2,7
843,2,7
844,8,7
845,6,8
846,6,8
847,2,5
849,2,7
850,5,6
851,8,7
852,2,5
857,2,5
858,2,5
859,10,7
861,8,8
862,2,7
864,5,6
866,4,6
868,2,8
870,8,6
873,9,6
875,7,5
876,6,7
877,5,9
881,6,7
883,7,6
884,7,6
885,10,6
886,8,7
887,1,6
888,8,7
889,1,6
890,8,7
892,5,7
894,4,7
895,5,7
896,8,6
897,10,6
898,7,6
899,7,6
900,10,6
901,6,7
902,3,6
903,10,5
904,10,6
905,10,8
906,7,4
907,7,4
908,5,8
909,3,4
910,2,5
911,9,5
912,9,5
913,9,5
915,7,4
917,6,7
918,7,6
919,4,6
920,7,7
921,6,7
924,10,6
925,6,8
926,9,5
928,10,7
931,7,7
932,2,5
933,10,6
934,10,5
935,10,5
936,10,5
937,4,5
939,10,6
940,2,7
941,10,5
942,10,6
943,5,7
944,4,7
945,3,7
946,6,7
948,7,5
950,7,5
951,9,5
952,3,6
953,8,6
954,7,5
955,3,6
956,9,5
957,9,5
958,6,7
959,6,7
960,2,6
961,2,6
962,4,7
963,2,6
964,5,6
965,3,6
966,7,5
967,10,6
968,3,6
969,8,7
972,5,7
973,3,6
974,8,7
976,9,5
977,6,6
978,10,5
979,6,7
982,6,7
983,5,6
984,5,6
985,6,5
986,9,6
987,1,6
988,1,6
989,6,5
990,7,7
991,1,6
992,7,4
993,10,5
994,9,4
995,6,6
996,1,6
997,8,5
998,3,6
999,2,6
1001,7,7
1002,10,5
1003,10,6
1004,6,7
1005,5,6
1006,6,6
1007,5,6
1009,6,7
1010,7,6
1011,8,6
1012,6,7
1013,7,6
1014,10,5
1016,4,5
1018,8,6
1019,1,6
1020,6,6
1021,7,7
1022,7,7
1023,1,8
1024,1,6
1026,6,6
1027,6,6
1029,6,7
1031,6,6
1032,10,6
1033,10,6
1034,10,6
1038,9,5
1039,6,7
1040,8,5
1042,7,5
1044,2,5
1045,7,7
1046,7,5
1047,9,5
1048,7,5
1049,7,5
1050,8,6
1051,3,5
1053,7,5
1055,7,5
1056,7,5
1057,6,6
1059,6,6
1061,8,7
1062,10,5
1066,3,5
1067,10,6
1068,7,7
1070,6,6
1071,1,7
1072,3,5
1073,7,7
1074,1,5
1076,4,7
1077,10,6
1078,6,5
1079,10,5
1080,10,6
1081,6,7
1082,10,6
1083,10,6
1084,2,6
1085,9,7
1087,5,8
1088,1,8
1089,2,6
1090,7,7
1092,2,6
1093,6,6
1094,1,7
1095,10,5
1097,3,6
1098,9,7
1099,3,6
1101,10,6
1102,5,6
1103,6,5
1104,7,5
1106,5,7
1107,5,8
1108,8,7
1109,4,7
1111,8,7
1112,7,6
1113,10,6
1114,7,5
1116,7,8
1117,9,5
1118,10,5
1119,9,5
1121,3,6
1122,9,6
1123,5,7
1127,1,7
1128,5,7
1129,9,5
1130,1,7
1131,9,6
1132,9,6
1133,3,5
1134,7,5
1135,9,5
1136,3,6
1137,5,8
1138,10,8
1144,6,5
1145,6,5
1146,10,5
1149,7,6
1150,10,5
1151,10,5
1152,10,5
1155,6,4
1156,6,4
1157,3,6
1158,3,6
1160,3,6
1162,3,6
1163,6,7
1165,7,6
1166,6,5
1167,9,5
1168,8,6
1169,7,5
1171,6,6
1173,8,6
1174,6,5
1175,10,6
1176,10,5
1177,10,7
1178,6,6
1180,9,5
1182,7,6
1183,6,5
1184,9,6
1185,4,7
1187,1,5
1188,5,8
1189,1,6
1190,7,5
1191,8,6
1192,8,7
1194,3,7
1195,10,6
1196,2,6
1197,8,7
1198,3,7
1200,7,7
1201,5,6
1202,7,7
1203,10,5
1204,5,6
1205,5,6
1207,2,6
1208,10,5
1209,5,6
1210,7,6
1212,10,5
1213,1,6
1214,5,6
1216,1,5
1217,4,8
1219,1,8
1220,4,8
1221,6,6
1222,5,7
1223,7,6
1224,1,5
1225,8,7
1226,4,6
1227,8,7
1228,7,5
1230,4,3
1231,2,6
1232,4,7
1233,4,7
1234,6,6
1235,6,6
1236,1,5
1237,4,6
1238,7,5
1239,4,7
1241,6,6
1242,6,7
1243,4,7
1244,4,7
1245,9,5
1247,1,7
1248,7,6
1249,7,7
1252,9,5
1253,9,6
1254,1,7
1259,10,6
1260,10,6
1261,10,6
1265,6,5
1266,6,7
1267,4,8
1268,2,7
1269,3,5
1270,2,6
1271,2,7
1275,2,6
1276,9,6
1277,2,7
1278,3,5
1280,6,6
1282,1,7
1284,1,8
1285,1,7
1287,1,7
1288,8,7
1289,4,7
1290,5,6
1291,7,6
1292,2,6
1293,6,6
1296,2,6
1297,6,6
1298,4,7
1299,1,6
1300,1,5
1302,1,5
1303,10,6
1304,1,6
1306,7,7
1307,4,8
1312,9,6
1315,10,6
1316,2,6
1317,1,6
1318,6,5
1319,6,6
1320,10,5
1321,8,6
1322,4,6
1323,6,6
1325,6,6
1326,4,7
1328,1,6
1329,5,6
1330,7,5
1331,7,5
1332,3,6
1334,8,8
1337,1,8
1338,10,5
1339,10,5
1341,1,6
1344,10,6
1345,1,8
1346,5,8
1347,1,7
1348,1,7
1349,1,8
1352,5,7
1354,10,5
1355,6,5
1356,1,5
1357,2,6
1358,10,6
1359,5,8
1360,6,7
1361,6,6
1363,5,7
1364,9,4
1365,1,5
1366,9,7
1367,7,6
1368,9,5
1369,2,6
1371,7,6
1372,1,7
1375,4,7
1376,5,7
1377,8,6
1378,8,6
1379,5,7
1380,9,6
1381,5,7
1382,5,7
1384,7,6
1385,8,6
1388,4,6
1389,7,7
1390,1,6
1391,6,6
1392,5,6
1393,4,6
1394,9,6
1396,4,7
1397,7,7
1398,2,7
1399,2,7
1400,7,6
1401,2,7
1403,6,8
1404,6,8
1406,9,4
1407,7,8
1409,2,7
1410,7,6
1411,5,6
1412,7,6
1414,7,6
1415,5,6
1417,6,6
1422,5,6
1423,9,5
1425,7,6
1426,7,6
1427,4,6
1428,1,5
1429,7,7
1430,9,5
1431,9,4
1432,9,5
1433,4,7
1434,4,6
1435,1,5
1436,3,5
1438,7,7
1439,10,5
1440,10,5
1442,9,5
1443,7,5
1444,1,6
1445,1,6
1447,5,6
1448,7,6
1449,7,6
1450,1,6
1451,1,6
1452,7,5
1453,1,6
1455,2,5
1457,5,6
1460,7,6
1462,6,6
1463,7,6
1464,7,6
1465,1,8
1467,1,6
1468,4,7
1469,9,5
1470,7,5
1472,1,6
1473,7,5
1474,1,6
1475,9,4
1476,6,6
1479,1,6
1480,7,6
1481,6,6
1482,6,6
1484,9,4
1485,9,3
1486,7,6
1487,8,6
1491,5,6
1492,7,5
1493,2,5
1494,1,8
1495,1,8
1496,1,7
1498,4,7
1499,7,6
1501,1,7
1502,1,5
1503,9,5
1504,4,7
1507,1,6
1509,3,6
1510,7,5
1511,7,5
1513,1,7
1514,1,6
1515,1,7
1517,1,6
1518,1,6
1519,7,6
1520,1,5
1521,1,6
1522,9,5
1523,6,5
1524,10,6
1525,3,6
1528,1,6
1529,1,6
1530,3,6
1532,1,7
1533,1,7
1534,7,6
1536,7,6
1538,7,6
1539,9,6
1540,7,6
1543,7,6
1544,8,6
1546,1,6
1547,1,6
1548,1,6
1549,8,6
1550,7,6
1551,1,6
1553,1,7
1554,6,7
1555,6,7
1556,6,7
1557,2,6
1558,1,6
1559,9,4
1563,4,7
1566,7,6
1567,2,5
1568,7,5
1569,10,6
1572,10,6
1573,6,6
1574,7,5
1575,7,4
1577,9,6
1580,2,4
1583,1,7
1592,6,6
1594,7,6
1595,1,6
1596,10,6
1598,10,6
1601,1,6
1602,2,6
1603,5,5
1604,5,7
1606,5,9
1607,4,6
1608,6,7
1610,2,7
1611,4,6
1612,7,6
1613,7,7
1614,7,7
1615,1,5
1616,6,6
1617,10,6
1618,6,6
1619,2,6
1620,5,8
1621,7,7
1623,10,6
1624,6,6
1626,6,6
1629,7,6
1630,7,6
1631,8,5
1632,7,6
1633,8,8
1634,7,7
1635,2,6
1638,1,6
1640,7,5
1642,6,6
1643,3,7
1644,2,7
1645,3,7
1646,2,7
1647,6,6
1648,7,7
1649,6,5
1651,8,7
1653,7,4
1655,10,5
1656,7,5
1657,9,5
1658,6,6
1659,10,5
1660,10,5
1661,10,6
1662,10,6
1663,7,7
1665,2,4
1666,5,8
1667,7,5
1669,7,7
1670,7,6
1671,6,6
1672,5,7
1676,10,5
1677,5,7
1678,1,6
1679,6,6
1680,9,5
1681,2,5
1683,2,7
1684,2,7
1685,2,7
1686,2,7
1687,6,5
1688,2,7
1690,8,6
1692,2,7
1693,1,6
1694,10,5
1695,6,6
1696,1,6
1697,2,6
1698,1,6
1699,1,6
1700,5,6
1701,6,6
1702,2,5
1703,9,4
1704,10,5
1705,9,5
1706,5,6
1707,6,6
1708,3,5
1710,3,5
1711,7,5
1712,6,5
1713,6,6
1714,9,6
1716,8,8
1717,6,6
1718,9,6
1720,9,6
1721,6,7
1722,6,7
1724,8,8
1725,6,6
1726,10,6
1727,4,6
1728,10,6
1730,8,6
1732,2,6
1734,1,6
1735,10,6
1736,1,6
1737,9,5
1738,10,6
1739,7,5
1740,7,4
1741,10,6
1742,4,6
1743,3,6
1744,2,6
1746,10,5
1747,7,5
1748,2,6
1749,7,5
1750,9,6
1751,2,6
1752,6,7
1753,10,6
1754,6,7
1755,5,6
1756,3,6
1757,10,5
1758,10,5
1761,10,6
1762,7,6
1763,5,7
1764,3,6
1765,10,5
1766,10,5
1767,10,5
1768,10,5
1770,4,7
1771,1,6
1772,6,6
1773,1,6
1774,1,6
1775,9,6
1777,3,5
1778,6,6
1779,6,8
1780,6,8
1781,1,5
1782,6,4
1783,1,6
1784,7,6
1785,5,7
1786,1,6
1787,4,7
1788,1,7
1789,1,5
1790,8,7
1792,9,5
1793,7,6
1794,2,5
1795,9,5
1796,9,6
1797,8,5
1798,1,8
1800,6,6
1801,2,6
1804,6,6
1805,2,6
1806,3,5
1807,9,5
1809,3,5
1811,9,6
1812,9,5
1813,5,6
1814,7,6
1815,4,7
1816,4,6
1817,3,7
1819,5,6
1820,4,6
1821,4,6
1822,7,5
1823,4,7
1824,10,6
1825,3,5
1826,6,5
1827,3,5
1828,10,6
1829,10,6
1830,1,7
1831,1,7
1833,1,7
1838,8,7
1839,10,6
1841,6,5
1842,8,7
1845,8,6
1846,10,5
1848,10,5
1850,1,6
1851,1,7
1852,8,6
1854,7,5
1855,6,7
1861,6,6
1862,2,6
1864,10,5
1865,6,6
1867,2,6
1868,1,6
1869,1,7
1870,1,7
1871,6,6
1872,6,6
1873,3,5
1874,3,5
1875,1,5
1876,3,5
1877,1,6
1878,7,6
1879,2,6
1881,2,5
1883,2,5
1884,2,5
1885,6,5
1888,3,5
1889,2,5
1890,8,5
1891,2,5
1892,2,5
1893,3,5
1894,3,5
1895,10,5
1896,2,6
1899,6,6
1900,8,7
1902,7,5
1904,7,5
1905,2,6
1907,8,5
1908,1,7
1909,4,7
1910,3,5
1911,10,5
1912,8,6
1913,7,6
1914,7,6
1915,4,6
1916,4,7
1917,10,5
1918,8,6
1919,2,6
1920,2,6
1921,2,7
1922,3,5
1923,9,5
1924,7,5
1925,7,4
1928,1,5
1929,1,6
1935,8,6
1939,7,5
1940,3,5
1942,3,5
1944,10,5
1945,10,5
1946,1,6
1948,10,5
1949,6,7
1950,10,5
1951,2,5
1953,4,7
1954,6,6
1955,2,5
1956,2,5
1957,7,5
1958,3,6
1959,2,6
1963,7,5
1964,2,6
1965,10,5
1967,7,6
1968,2,7
1969,6,6
1976,10,6
1978,6,6
1979,7,6
1980,2,6
1981,2,8
1982,2,8
1983,2,8
1984,2,8
1985,2,8
1987,7,6
1988,10,5
1989,2,6
1990,4,7
1991,9,4
1992,2,8
1993,6,5
1994,1,6
1995,2,6
1997,2,6
2000,2,6
2003,6,6
2004,1,6
2005,6,6
2006,2,6
2008,9,6
2009,6,5
2010,4,7
2011,7,6
2012,6,5
2013,6,5
2014,3,6
2016,8,6
2017,5,7
2019,7,7
2020,3,6
2021,8,6
2022,9,6
2023,10,6
2024,9,6
2028,10,5
2030,10,6
2032,1,5
2033,8,6
2034,10,5
2035,7,5
2038,1,5
2039,9,5
2040,7,5
2041,10,6
2042,9,5
2043,9,6
2044,7,6
2046,7,5
2047,3,5
2048,10,5
2049,10,5
2050,6,7
2052,3,5
2053,3,5
2054,4,5
2055,4,5
2056,1,6
2057,3,5
2059,10,5
2060,10,5
2061,10,5
2062,5,6
2063,8,5
2065,6,6
2066,7,5
2067,1,5
2068,1,5
2069,5,6
2070,4,7
2071,6,6
2072,6,6
2073,6,5
2075,6,6
2077,6,5
2078,6,6
2080,9,4
2081,6,5
2082,9,5
2083,3,6
2085,6,6
2086,6,6
2087,7,5
2088,1,6
2089,7,6
2090,6,6
2091,10,5
2092,10,5
2094,3,5
2095,3,5
2096,3,5
2097,9,5
2098,3,5
2099,2,6
2101,3,5
2102,8,6
2103,10,5
2104,9,5
2106,9,5
2107,2,5
2108,2,6
2109,2,6
2110,2,6
2111,3,5
2112,3,5
2113,3,5
2114,9,5
2115,2,6
2116,3,5
2117,4,4
2118,7,5
2119,5,6
2120,7,4
2122,4,7
2123,10,5
2125,4,7
2126,3,5
2127,10,5
2130,8,5
2131,9,5
2132,3,6
2133,3,6
2134,8,6
2135,6,6
2136,10,5
2137,6,6
2138,10,5
2139,9,5
2141,3,5
2142,3,5
2143,2,5
2144,8,7
2145,2,6
2146,10,6
2147,6,6
2148,3,5
2150,5,6
2151,4,6
2152,3,5
2153,7,6
2154,7,6
2156,1,5
2157,7,4
2158,7,6
2159,6,6
2160,5,4
2161,6,6
2162,4,7
2164,7,6
2165,2,5
2166,9,5
2167,9,5
2168,2,7
2169,2,7
2170,2,7
2171,2,7
2172,2,7
2173,9,5
2175,2,7
2176,2,7
2177,9,5
2178,9,7
2180,7,6
2181,3,6
2182,4,6
2183,3,5
2184,9,5
2185,9,6
2186,3,7
2188,9,5
2189,3,6
2190,3,6
2191,8,6
2193,6,6
2194,3,6
2195,3,6
2196,9,5
2197,4,6
2198,4,6
2199,10,5
2200,10,6
2201,10,5
2202,6,6
2203,10,5
2204,6,5
2205,6,5
2206,10,5
2208,8,7
2209,7,5
2210,8,6
2211,1,7
2213,8,6
2214,6,6
2215,7,5
2216,2,6
2217,6,5
2218,7,6
2219,6,6
2220,5,7
2221,1,6
2222,2,6
2223,1,7
2224,3,6
2225,1,7
2226,2,4
2229,2,7
2230,1,6
2231,2,7
2232,1,6
2233,7,6
2234,6,5
2236,3,6
2237,10,5
2238,3,4
2240,3,6
2241,10,5
2242,10,5
2244,6,5
2245,10,5
2246,1,7
2247,3,4
2249,7,6
2250,10,5
2252,6,7
2253,10,5
2254,10,5
2255,9,6
2256,6,6
2257,8,5
2259,10,5
2261,10,5
2262,9,6
2263,7,6
2264,2,5
2266,2,5
2269,6,6
2270,2,6
2271,6,7
2272,3,6
2273,9,6
2274,9,5
2275,6,7
2276,2,4
2277,10,6
2278,6,6
2279,10,6
2283,2,5
2284,2,5
2285,2,5
2286,2,5
2289,2,5
2290,4,7
2291,6,7
2292,1,6
2293,10,6
2294,4,7
2295,8,7
2296,10,6
2297,6,7
2298,10,6
2299,5,8
2300,8,7
2301,5,7
2302,3,5
2303,10,5
2304,3,5
2305,9,6
2306,5,7
2307,9,5
2308,2,5
2310,7,6
2311,2,5
2312,5,7
2314,8,7
2315,5,6
2316,6,6
2317,4,7
2321,8,6
2324,6,6
2325,10,5
2326,9,6
2327,3,5
2328,9,6
2329,3,5
2330,6,5
2331,2,6
2332,1,5
2333,10,6
2334,5,8
2336,2,5
2338,10,4
2339,6,5
2340,9,6
2341,6,6
2342,6,5
2343,4,8
2344,6,5
2345,9,6
2346,2,6
2348,7,6
2351,10,5
2352,2,6
2353,9,6
2354,6,7
2355,5,6
2356,4,7
2357,6,6
2359,2,5
2361,3,6
2362,7,5
2363,6,6
2364,3,5
2367,10,5
2368,10,6
2369,2,6
2373,5,4
2374,7,3
2375,1,6
2376,5,6
2377,1,6
2378,9,6
2382,6,6
2383,9,8
2384,8,6
2385,9,8
2387,6,4
2388,6,4
2389,7,4
2390,5,8
2391,6,8
2392,6,6
2396,6,5
2397,2,5
2398,4,6
2399,4,6
2403,10,6
2406,10,5
2407,4,6
2408,6,6
2410,6,4
2411,6,6
2412,2,6
2414,6,4
2416,7,5
2417,6,6
2419,9,5
2420,2,5
2421,4,7
2422,10,5
2424,6,6
2426,6,6
2427,6,6
2428,10,6
2429,6,6
2430,10,6
2431,10,5
2432,10,5
2433,10,5
2434,2,6
2435,2,6
2436,9,4
2437,10,5
2438,1,6
2439,10,5
2440,6,6
2443,2,5
2444,10,5
2445,2,5
2446,10,5
2447,10,5
2448,6,6
2449,6,6
2450,6,6
2453,6,7
2454,6,6
2455,2,5
2456,2,6
2457,1,6
2458,1,6
2459,2,6
2460,3,5
2461,3,5
2462,7,5
2463,7,5
2464,6,7
2465,9,5
2468,6,6
2469,5,6
2470,9,5
2471,1,5
2472,5,7
2474,3,6
2475,5,7
2478,5,7
2479,10,6
2480,3,6
2481,6,5
2482,10,6
2483,10,6
2484,10,6
2485,10,5
2486,10,6
2488,4,6
2489,4,6
2491,6,6
2494,3,4
2495,3,4
2496,9,5
2497,7,5
2498,3,5
2499,3,5
2500,6,6
2501,3,5
2502,10,5
2503,7,4
2504,7,4
2505,1,6
2506,2,6
2507,10,6
2508,5,7
2509,10,6
2510,2,5
2511,10,6
2512,10,6
2513,9,6
2514,9,5
2515,5,7
2516,8,7
2517,6,6
2519,8,7
2520,10,5
2521,2,5
2522,8,7
2524,1,5
2525,2,5
2527,8,7
2528,6,6
2529,6,6
2530,3,5
2531,6,6
2534,3,5
2535,7,7
2537,3,6
2538,9,6
2539,9,6
2540,9,5
2544,3,6
2545,9,6
2546,6,6
2548,9,5
2549,10,6
2550,2,5
2551,9,5
2552,10,6
2553,3,5
2554,8,7
2555,8,7
2556,8,7
2558,8,7
2559,8,7
2561,4,6
2562,3,5
2563,4,6
2565,9,6
2566,2,5
2567,4,7
2568,5,5
2569,10,6
2570,6,6
2571,5,5
2572,4,6
2573,9,5
2574,10,5
2575,1,5
2577,10,5
2578,10,5
2581,2,5
2582,3,7
2583,3,7
2584,3,7
2585,3,7
2586,3,7
2587,3,7
2588,9,6
2589,3,7
2591,3,6
2592,6,7
2593,6,5
2594,3,5
2597,6,5
2598,8,6
2599,6,5
2600,2,6
2601,8,7
2602,10,5
2603,8,6
2604,8,7
2605,8,7
2606,4,6
2607,6,6
2609,1,6
2610,4,6
2611,10,5
2612,10,5
2613,8,7
2614,3,5
2615,5,5
2616,3,7
2617,3,7
2618,3,7
2619,5,7
2620,10,6
2621,3,5
2622,3,5
2623,5,7
2624,3,7
2625,5,5
2627,6,7
2628,6,7
2629,10,6
2631,5,6
2633,2,5
2634,3,5
2636,4,6
2637,3,5
2639,8,6
2641,8,6
2642,3,5
2644,1,5
2646,6,7
2648,9,5
2649,3,6
2651,10,5
2653,4,7
2654,3,5
2656,10,5
2658,8,7
2659,10,7
2660,4,6
2661,10,6
2662,1,6
2663,8,6
2664,7,8
2665,5,7
2666,6,5
2667,5,7
2668,9,7
2670,10,5
2671,5,7
2672,5,7
2673,3,7
2674,4,6
2675,8,7
2676,8,7
2677,8,6
2678,5,6
2679,9,5
2680,3,6
2681,1,6
2682,2,6
2683,4,6
2684,9,5
2685,5,6
2686,7,7
2687,1,6
2688,10,5
2689,2,6
2690,3,6
2691,9,6
2692,9,6
2693,9,6
2694,6,6
2695,9,6
2696,5,6
2697,2,6
2698,7,5
2699,9,6
2700,9,6
2701,8,7
2702,3,5
2703,3,5
2704,3,5
2707,2,6
2708,3,5
2709,10,6
2710,2,5
2711,2,5
2713,10,5
2714,10,6
2715,10,6
2716,10,6
2717,2,5
2718,3,6
2719,9,6
2720,1,6
2721,4,7
2723,8,7
2724,6,6
2725,1,6
2726,3,5
2727,9,6
2728,9,6
2730,8,7
2731,10,5
2734,8,7
2735,10,6
2737,9,6
2738,3,7
2740,4,7
2741,3,6
2743,6,6
2744,7,6
2745,7,6
2746,4,7
2747,1,6
2748,3,6
2750,3,6
2752,8,6
2753,4,6
2754,5,8
2755,9,5
2757,2,6
2758,9,5
2759,9,6
2760,6,6
2761,6,6
2762,9,5
2763,7,5
2764,4,6
2765,1,6
2766,9,6
2767,8,6
2768,1,6
2769,4,6
2770,7,5
2771,2,7
2773,5,7
2774,4,7
2775,1,8
2776,1,8
2777,1,8
2778,7,6
2779,4,7
2780,8,5
2781,5,5
2783,6,6
2784,6,6
2785,6,6
2787,7,6
2789,10,5
2790,10,5
2791,6,6
2792,10,5
2793,10,5
2794,4,7
2795,2,5
2796,8,8
2797,4,7
2798,2,5
2799,4,7
2800,8,7
2801,10,5
2802,10,5
2803,9,6
2804,3,8
2805,8,8
2806,6,6
2809,10,6
2810,8,7
2811,4,7
2812,8,5
2813,6,6
2814,8,7
2815,5,7
2816,4,5
2817,7,5
2818,5,7
2819,2,4
2820,5,6
2822,10,5
2823,9,5
2824,4,6
2825,10,6
2826,9,6
2827,10,6
2828,5,7
2829,5,7
2830,3,5
2831,3,5
2832,10,5
2833,8,6
2834,4,7
2835,5,6
2836,9,6
2837,10,6
2838,3,6
2839,8,7
2840,5,7
2841,4,6
2842,5,6
2843,9,6
2844,9,6
2845,7,5
2846,8,7
2847,8,7
2848,5,5
2851,2,5
2852,7,5
2853,1,5
2855,9,6
2856,1,7
2858,8,8
2859,1,7
2860,8,6
2861,1,6
2862,9,6
2864,4,6
2866,5,6
2868,4,7
2869,9,5
2870,5,6
2871,4,7
2872,8,6
2876,8,6
2877,3,5
2878,10,5
2879,5,6
2880,5,6
2881,7,5
2882,4,7
2883,9,5
2884,4,7
2885,8,7
2886,4,6
2887,9,5
2888,8,5
2889,7,4
2890,4,6
2891,5,8
2892,1,6
2893,10,5
2895,8,7
2897,10,5
2898,10,5
2899,7,5
2900,3,5
2901,6,6
2902,8,7
2903,10,5
2904,5,6
2905,8,7
2907,10,5
2908,5,6
2909,8,6
2910,8,6
2911,10,5
2912,10,5
2913,8,7
2914,1,5
2915,8,6
2916,8,6
2917,5,6
2918,4,7
2919,8,6
2920,3,5
2921,7,4
2922,6,6
2924,1,6
2925,3,6
2926,10,5
2928,1,7
2929,1,7
2930,3,6
2933,10,6
2934,1,6
2935,9,5
2936,4,4
2937,9,5
2938,10,5
2939,3,8
2940,3,8
2941,1,6
2942,7,5
2943,10,5
2944,3,8
2945,1,6
2946,5,8
2947,5,6
2948,5,6
2949,10,6
2951,9,5
2952,6,5
2953,9,5
2954,9,5
2955,8,7
2956,4,5
2958,8,6
2959,6,5
2960,4,7
2961,3,7
2962,8,6
2964,4,7
2966,5,8
2967,3,6
2968,3,6
2969,1,5
2970,7,6
2971,1,5
2972,9,5
2973,9,6
2974,3,6
2975,1,6
2976,1,6
2977,4,6
2978,3,6
2979,3,6
2980,4,7
2981,4,7
2982,7,7
2983,10,6
2984,5,6
2985,4,6
2986,3,7
2987,3,7
2988,9,7
2989,7,7
2990,1,6
2991,5,7
2992,5,7
2993,3,7
2994,9,7
2995,9,7
2996,4,6
2997,4,8
2998,8,6
2999,8,7
3000,9,7
3001,3,7
3002,3,7
3003,5,7
3004,7,7
3005,8,6
3006,4,6
3007,1,6
3008,5,7
3009,5,7
3010,2,6
3011,10,5
3012,8,6
3013,4,6
3014,3,6
3015,3,6
3016,4,6
3017,3,6
3018,5,6
3019,4,8
3020,4,6
3021,7,6
3022,9,4
3024,3,6
3025,3,6
3027,7,6
3028,3,5
3029,6,6
3030,4,8
3031,4,8
3032,3,6
3033,6,5
3034,10,6
3035,10,6
3036,8,7
3037,6,5
3038,2,6
3039,8,6
3040,10,6
3041,3,5
3042,2,6
3043,2,6
3045,3,6
3046,9,6
3047,4,6
3048,1,5
3049,8,6
3054,7,5
3055,5,6
3056,5,6
3057,4,5
3059,10,5
3060,7,6
3061,10,5
3062,10,5
3063,8,8
3064,10,5
3066,3,6
3068,1,4
3069,8,6
3071,8,8
3072,4,7
3074,5,5
3075,6,5
3076,8,7
3077,9,5
3078,10,5
3079,4,5
3081,7,6
3082,10,5
3083,5,6
3084,5,7
3085,8,6
3086,7,6
3087,5,7
3088,10,3
3089,4,6
3090,4,7
3091,8,6
3092,10,6
3093,7,6
3094,8,7
3097,8,7
3099,5,7
3100,4,7
3101,1,7
3102,7,6
3103,9,6
3104,8,7
3105,7,5
3106,7,6
3107,7,6
3108,1,6
3109,2,5
3110,6,4
3111,8,6
3112,5,7
3113,8,5
3114,3,6
3115,5,6
3116,5,6
3117,8,7
3118,5,7
3119,8,7
3120,4,5
3121,10,6
3122,8,5
3123,5,6
3124,5,5
3125,3,6
3126,1,5
3127,1,7
3128,8,5
3130,5,6
3131,4,6
3132,2,5
3133,5,6
3134,4,6
3135,1,6
3136,10,6
3137,5,5
3138,5,6
3139,7,6
3140,9,6
3141,10,6
3142,4,7
3143,1,6
3144,5,5
3145,3,6
3146,3,6
3147,3,6
3148,10,6
3149,3,6
3150,10,6
3151,5,6
3152,3,6
3154,5,6
3155,4,6
3156,4,7
3157,3,5
3158,4,7
3159,4,7
3160,6,6
3161,4,6
3162,3,5
3163,4,7
3164,4,7
3165,8,6
3167,5,6
3168,5,7
3169,4,6
3170,9,6
3171,1,6
3172,4,6
3173,4,8
3174,4,8
3175,4,8
3176,1,6
3177,4,6
3178,9,5
3179,7,6
3180,7,4
3181,5,6
3182,1,6
3183,9,5
3184,5,6
3185,8,7
3186,1,6
3188,5,7
3189,1,8
3190,1,5
3191,5,7
3192,1,6
3193,1,6
3194,9,5
3195,5,5
3196,1,6
3197,1,7
3198,1,6
3199,1,7
3200,8,7
3201,5,7
3202,1,6
3203,5,7
3204,1,7
3205,10,5
3206,4,7
3209,6,5
3210,3,5
3211,9,5
3212,1,6
3213,5,5
3214,1,6
3215,5,6
3217,1,5
3218,9,5
3220,5,7
3222,8,6
3223,8,6
3224,1,6
3225,5,6
3226,4,7
3227,6,6
3228,10,6
3229,10,6
3230,6,7
3231,2,6
3233,4,5
3234,4,6
3235,6,6
3236,5,6
3237,1,6
3238,1,7
3239,7,5
3240,4,7
3241,8,6
3242,4,7
3243,8,6
3244,4,7
3245,4,7
3246,7,5
3247,1,6
3248,1,6
3249,1,7
3250,1,7
3251,1,6
3252,2,6
3253,4,8
3254,5,8
3255,1,5
3256,2,6
3257,2,6
3258,2,6
3259,2,6
3260,2,6
3261,2,6
3262,4,5
3263,2,7
3264,8,8
3265,10,6
3267,1,6
3268,9,6
3269,4,6
3270,10,5
3271,9,5
3272,8,7
3273,8,7
3274,5,7
3275,6,5
3277,5,8
3278,9,7
3279,10,5
3280,7,6
3281,9,5
3282,4,6
3283,8,7
3285,4,6
3286,8,7
3287,8,7
3288,8,7
3290,10,5
3291,7,5
3292,5,8
3293,10,5
3294,8,7
3295,6,6
3296,10,5
3297,10,5
3298,10,5
3299,5,6
3300,4,7
3301,7,5
3302,5,8
3303,4,6
3304,5,7
3305,5,7
3306,8,7
3307,5,7
3309,3,6
3310,4,7
3311,5,7
3312,6,7
3313,8,7
3314,7,7
3315,10,6
3316,8,7
3317,5,6
3318,5,6
3319,8,7
3320,5,5
3321,3,5
3322,5,6
3323,5,7
3324,8,6
3325,8,6
3326,4,7
3327,1,5
3328,8,7
3329,5,5
3330,8,6
3331,10,6
3332,10,6
3333,5,7
3334,9,6
3335,4,6
3336,2,6
3337,2,6
3338,2,6
3339,3,6
3340,7,6
3341,5,6
3342,7,6
3343,9,5
3344,2,7
3345,2,6
3346,10,6
3347,10,6
3348,6,6
3349,3,6
3350,3,6
3351,1,6
3352,5,6
3353,4,6
3354,4,6
3355,6,7
3356,5,6
3357,3,6
3358,9,7
3359,4,6
3360,4,6
3361,7,7
3362,3,6
3363,1,6
3364,5,6
3365,5,6
3366,4,7
3367,4,6
3368,4,6
3369,1,6
3370,8,7
3371,4,6
3372,4,6
3373,6,6
3374,4,7
3375,6,5
3376,3,6
3377,1,6
3378,1,6
3379,5,8
3381,5,7
3382,1,7
3383,5,7
3384,6,6
3385,6,6
3386,4,6
3387,5,8
3390,4,7
3391,4,6
3392,4,8
3393,4,6
3394,4,6
3395,10,5
3396,10,5
3397,1,6
3398,10,6
3399,10,5
3400,5,6
3401,9,6
3403,9,6
3405,8,6
3406,9,6
3407,5,6
3408,10,5
3409,10,6
3410,5,3
3412,9,6
3413,10,6
3414,2,6
3416,5,7
3417,2,6
3419,2,6
3420,5,7
3421,2,5
3422,8,8
3423,8,8
3425,8,6
3428,10,6
3429,8,6
3433,1,5
3434,8,7
3436,5,6
3438,9,5
3439,2,5
3440,9,5
3441,8,5
3442,8,5
3443,4,7
3444,5,6
3445,2,5
3446,8,8
3447,10,6
3448,3,6
3449,4,7
3450,8,8
3451,4,7
3452,4,7
3453,6,5
3454,5,6
3456,4,6
3457,10,5
3458,5,7
3460,2,6
3461,3,6
3463,5,6
3464,5,7
3465,10,5
3466,5,6
3467,5,6
3468,10,5
3469,5,8
3470,2,6
3472,3,6
3473,6,6
3474,8,8
3475,9,6
3476,10,6
3477,4,8
3478,1,7
3479,10,6
3480,5,7
3481,8,8
3482,9,5
3483,4,8
3484,4,7
3485,4,8
3486,7,7
3487,4,6
3488,9,6
3489,7,6
3490,4,8
3491,1,7
3492,7,6
3493,5,7
3494,5,7
3495,6,6
3496,5,7
3497,5,7
3499,6,6
3500,5,7
3501,5,7
3502,6,6
3503,2,5
3504,4,7
3505,8,7
3506,8,7
3507,6,6
3508,4,7
3509,2,5
3510,10,6
3511,2,6
3512,8,7
3513,6,6
3514,4,6
3515,4,6
3516,8,7
3517,1,7
3518,4,7
3519,7,5
3522,5,7
3523,10,5
3525,5,6
3526,5,6
3528,1,6
3530,4,7
3531,10,5
3532,10,5
3534,3,6
3535,10,5
3536,10,5
3537,7,6
3539,5,7
3540,4,6
3541,4,6
3542,1,6
3543,10,6
3544,5,6
3545,5,6
3546,2,6
3547,10,6
3548,2,6
3549,4,6
3550,5,6
3551,8,6
3552,3,6
3553,3,6
3554,3,6
3555,1,6
3556,9,6
3558,1,6
3559,3,6
3560,4,4
3562,9,5
3563,1,6
3564,9,5
3566,7,6
3567,4,6
3568,4,6
3569,8,7
3570,7,6
3571,4,6
3573,4,6
3574,4,6
3575,7,6
3576,8,7
3577,2,5
3578,8,7
3579,9,4
3580,4,7
3581,1,5
3582,4,7
3583,5,6
3584,7,6
3585,4,7
3586,4,7
3587,5,7
3591,8,7
3592,6,5
3593,5,7
3594,5,7
3595,1,7
3596,4,7
3597,8,7
3598,3,6
3600,10,6
3601,3,6
3602,6,7
3603,6,6
3604,8,7
3605,4,6
3606,10,5
3607,10,5
3608,8,6
3609,3,6
3610,3,6
3611,10,5
3612,8,6
3613,6,6
3614,3,6
3615,10,5
3616,4,6
3618,8,5
3619,3,7
3622,3,7
3623,4,6
3625,4,7
3627,8,5
3631,9,6
3632,9,6
3633,3,6
3634,9,6
3635,1,7
3637,8,7
3638,7,7
3640,7,6
3641,8,6
3644,8,6
3645,8,7
3646,5,6
3647,4,7
3648,8,7
3649,1,5
3650,5,6
3652,2,6
3653,6,6
3654,2,6
3655,6,6
3657,1,7
3658,3,8
3659,5,7
3661,5,8
3662,6,6
3664,8,6
3665,5,8
3667,2,7
3668,5,8
3669,9,5
3670,5,7
3671,10,6
3672,4,7
3673,4,8
3674,5,7
3675,9,5
3676,9,6
3677,5,7
3680,7,7
3682,4,8
3683,8,7
3685,8,7
3688,3,5
3689,6,6
3690,4,8
3691,5,7
3692,7,6
3693,7,7
3694,8,7
3696,8,6
3697,8,7
3699,8,6
3702,3,5
3703,2,6
3704,2,6
3705,2,6
3706,2,6
3707,8,6
3708,4,6
3712,2,6
3713,10,5
3714,10,5
3715,7,4
3716,6,6
3717,1,5
3718,9,6
3719,3,5
3720,10,5
3721,5,7
3722,9,5
3723,9,5
3724,5,7
3725,8,6
3726,4,6
3727,5,7
3728,5,7
3729,5,7
3730,7,5
3731,2,6
3732,1,6
3733,7,5
3734,8,6
3735,3,5
3739,9,6
3740,3,7
3741,3,7
3742,3,7
3743,3,7
3744,3,7
3745,3,7
3746,3,7
3747,4,5
3748,2,6
3749,3,5
3750,6,6
3751,3,7
3752,9,5
3753,6,5
3754,6,5
3756,1,6
3757,9,5
3758,6,5
3759,6,5
3760,1,6
3761,7,6
3762,5,7
3764,4,5
3766,2,5
3767,2,5
3768,2,5
3769,3,6
3770,2,5
3772,3,6
3773,3,6
3775,10,5
3776,4,6
3777,8,5
3778,4,6
3779,5,7
3780,8,7
3781,10,5
3782,1,6
3783,7,6
3784,10,5
3785,3,6
3786,5,7
3787,2,5
3788,10,5
3789,10,5
3790,10,6
3791,10,5
3792,10,5
3793,3,6
3794,10,6
3795,9,5
3796,3,6
3797,3,6
3799,7,5
3800,8,5
3801,7,5
3802,7,6
3803,7,5
3804,7,6
3805,7,5
3806,7,6
3810,7,6
3811,3,3
3812,7,5
3813,7,5
3814,8,5
3815,3,5
3816,4,7
3817,9,5
3818,5,6
3819,5,6
3820,5,6
3821,9,5
3822,3,6
3823,8,6
3824,10,5
3825,8,7
3826,4,6
3827,5,6
3828,5,5
3829,5,6
3830,4,7
3831,5,7
3834,3,6
3835,10,5
3836,9,5
3837,4,6
3838,4,6
3839,10,5
3840,9,5
3841,4,6
3842,1,6
3843,4,6
3844,4,7
3845,4,6
3846,3,5
3847,5,6
3848,3,5
3850,7,5
3851,5,6
3852,5,7
3853,5,6
3854,8,7
3855,6,6
3856,5,6
3857,5,6
3858,6,6
3859,5,6
3860,10,5
3861,10,5
3865,4,7
3866,5,6
3867,1,6
3868,10,5
3871,10,6
3873,2,4
3875,10,5
3876,6,7
3877,3,5
3878,7,5
3879,10,5
3881,3,6
3882,3,6
3883,7,5
3884,4,6
3885,3,6
3886,8,6
3887,4,6
3888,8,6
3889,3,6
3890,3,6
3891,4,6
3892,7,5
3893,9,5
3894,9,5
3895,5,6
3896,4,6
3897,10,6
3898,2,6
3899,1,7
3900,9,5
3901,9,5
3904,4,6
3906,8,7
3907,8,7
3908,4,7
3909,5,7
3910,5,7
3911,4,6
3913,8,7
3914,7,6
3915,5,7
3917,4,6
3918,10,5
3919,4,7
3920,4,6
3921,7,6
3922,2,5
3923,4,7
3924,7,5
3925,7,5
3926,7,5
3927,3,6
3928,4,5
3929,2,5
3930,2,5
3931,4,6
3932,4,6
3933,8,8
3934,7,4
3935,8,6
3936,2,5
3937,6,6
3939,7,6
3940,6,6
3941,10,5
3942,9,5
3943,7,6
3944,9,6
3945,6,6
3946,6,6
3947,5,6
3948,5,7
3949,9,5
3950,10,5
3951,9,5
3952,3,5
3953,7,6
3954,1,7
3955,3,5
3956,7,6
3957,9,5
3958,4,5
3959,9,6
3960,9,6
3961,10,6
3964,5,7
3965,2,5
3966,4,4
3967,9,6
3968,10,4
3969,10,6
3970,9,6
3971,3,7
3972,9,6
3974,10,4
3975,10,6
3977,8,7
3978,4,6
3979,6,7
3980,6,6
3981,3,5
3984,9,6
3985,8,7
3986,3,6
3987,3,6
3988,2,6
3989,5,6
3990,3,6
3991,2,6
3992,7,5
3993,8,7
3994,6,7
3995,6,7
3996,8,5
3997,6,7
3998,5,7
4002,7,5
4003,3,6
4004,8,6
4005,4,7
4006,8,6
4007,8,6
4008,7,5
4009,3,6
4010,6,6
4011,8,6
4012,5,7
4014,10,6
4015,2,6
4016,9,5
4017,10,5
4018,5,6
4019,2,6
4020,9,5
4021,9,4
4022,7,5
4023,10,5
4025,5,6
4026,8,6
4028,9,5
4029,5,6
4030,9,6
4031,4,5
4032,7,5
4033,3,5
4034,8,6
4035,3,5
4036,6,6
4037,1,5
4038,1,5
4039,7,5
4041,10,5
4042,10,5
4043,3,7
4044,3,7
4045,3,7
4046,3,7
4047,3,7
4048,3,6
4049,3,6
4050,8,6
4051,3,7
4052,4,6
4053,10,5
4054,3,7
4055,3,7
4056,4,6
4057,3,5
4058,8,6
4059,3,6
4060,8,6
4063,4,6
4065,5,5
4067,1,6
4068,6,5
4069,1,6
4070,3,6
4071,10,5
4072,4,6
4074,9,5
4075,9,4
4076,3,6
4077,3,5
4078,8,6
4079,5,6
4080,9,6
4081,3,6
4082,3,6
4083,6,6
4084,6,5
4085,3,8
4086,7,6
4087,7,6
4088,9,6
4089,7,6
4091,2,6
4092,9,6
4095,8,7
4097,7,5
4098,9,6
4099,1,5
4101,3,6
4102,10,5
4103,10,5
4104,5,7
4105,4,7
4106,1,7
4107,8,5
4108,3,6
4109,4,6
4111,1,5
4112,5,6
4113,8,6
4114,8,6
4115,7,6
4116,4,6
4117,3,6
4118,3,6
4119,4,8
4120,4,7
4121,2,5
4122,3,6
4123,3,6
4125,8,7
4126,9,5
4127,9,5
4128,10,5
4129,10,5
4130,4,7
4131,8,6
4132,10,5
4133,10,5
4134,9,6
4135,4,6
4138,10,5
4139,4,6
4140,1,7
4141,2,6
4142,2,6
4143,6,6
4144,3,6
4145,2,6
4146,2,6
4147,3,7
4148,1,7
4149,3,6
4150,4,7
4151,2,5
4152,8,6
4153,3,6
4154,10,5
4155,10,5
4156,10,5
4157,10,5
4158,2,7
4159,2,7
4160,2,7
4161,2,7
4162,2,7
4163,2,7
4164,7,5
4165,7,5
4166,8,7
4167,5,7
4168,5,8
4169,5,6
4170,5,7
4171,2,7
4172,8,5
4173,6,6
4175,10,6
4176,8,7
4177,10,6
4178,8,6
4179,5,7
4182,7,6
4183,2,6
4184,8,7
4185,8,7
4187,8,5
4188,5,6
4189,5,6
4191,4,6
4192,1,5
4193,9,6
4194,4,6
4195,9,6
4196,4,8
4197,5,6
4198,10,5
4199,2,5
4200,4,6
4201,4,6
4202,4,6
4203,5,6
4204,6,5
4205,3,6
4206,4,6
4207,3,6
4208,5,7
4209,5,6
4210,8,6
4211,9,6
4212,2,6
4213,9,4
4215,2,5
4216,2,5
4217,2,5
4218,9,4
4219,8,6
4220,2,5
4221,8,6
4222,5,6
4223,9,4
4224,5,4
4225,5,7
4226,10,5
4227,10,7
4228,5,7
4229,10,6
4230,8,6
4231,9,6
4232,4,6
4233,4,6
4234,9,6
4235,9,6
4236,3,5
4237,3,5
4238,8,5
4239,3,5
4241,3,6
4242,8,6
4243,8,7
4244,4,6
4245,2,5
4246,2,5
4247,8,6
4249,5,6
4250,9,6
4251,3,6
4252,9,6
4253,3,6
4254,5,4
4255,3,5
4256,9,5
4257,9,5
4258,4,5
4259,4,6
4261,5,6
4262,5,7
4265,5,6
4266,5,6
4267,5,7
4268,5,7
4269,5,6
4270,2,5
4271,10,6
4272,2,5
4273,3,6
4274,3,6
4275,3,6
4276,3,6
4277,5,7
4278,1,5
4279,9,4
4280,3,6
4281,3,6
4282,3,5
4283,3,5
4284,9,6
4285,9,6
4286,9,6
4287,9,6
4288,9,5
4289,7,6
4290,3,6
4291,3,5
4292,2,5
4293,8,6
4294,2,5
4295,7,5
4296,2,5
4297,8,6
4298,7,6
4303,2,6
4304,4,6
4305,6,6
4306,6,6
4307,3,6
4308,6,7
4309,8,6
4310,8,6
4311,3,6
4312,4,5
4313,4,6
4314,8,6
4315,4,7
4316,4,7
4318,4,7
4319,4,7
4320,4,7
4321,10,5
4322,3,6
4323,8,7
4324,1,6
4325,5,6
4326,10,5
4327,10,5
4328,10,5
4329,9,5
4330,10,5
4331,10,5
4332,10,5
4333,2,8
4334,2,8
4335,2,8
4336,2,8
4337,2,8
4338,2,8
4339,2,8
4340,8,8
4341,2,8
4342,2,6
4343,6,6
4344,6,6
4346,7,6
4348,1,7
4349,2,6
4351,4,6
4352,5,6
4353,1,5
4354,1,6
4355,10,6
4356,5,6
4357,6,5
4358,5,6
4359,10,5
4360,10,6
4361,1,5
4362,8,6
4363,4,6
4364,3,5
4365,9,6
4366,2,5
4367,5,6
4368,3,5
4369,9,6
4370,9,6
4372,9,5
4373,4,6
4374,4,6
4375,10,5
4376,6,6
4377,9,5
4378,8,6
4379,9,5
4380,9,5
4381,5,6
4382,5,6
4383,8,6
4384,8,6
4385,10,5
4386,10,5
4387,6,6
4388,8,6
4389,9,6
4390,9,4
4391,2,5
4393,2,5
4394,3,6
4395,3,6
4396,3,5
4397,2,5
4398,2,5
4399,2,5
4400,3,5
4401,2,5
4403,4,6
4404,10,5
4405,10,5
4406,10,5
4407,4,7
4408,7,6
4409,10,5
4410,4,7
4411,10,5
4412,8,7
4413,4,7
4414,8,7
4415,4,7
4416,3,5
4417,10,5
4418,9,6
4419,3,6
4420,3,6
4421,3,6
4422,3,6
4423,9,6
4424,9,6
4425,3,6
4426,6,6
4427,6,6
4428,10,5
4429,4,6
4430,5,6
4432,4,6
4433,4,6
4435,6,6
4436,6,6
4437,8,6
4438,6,6
4439,9,5
4440,9,5
4441,3,5
4442,4,6
4443,3,5
4444,9,5
4445,5,6
4446,5,6
4448,4,6
4449,9,5
4450,3,6
4451,3,6
4452,10,5
4453,10,5
4454,4,6
4455,3,6
4456,3,5
4457,3,5
4458,3,5
4459,4,7
4460,9,5
4461,3,6
4462,6,6
4463,4,6
4464,4,6
4465,3,5
4466,3,5
4467,6,5
4468,9,5
4469,8,6
4470,8,6
4472,5,6
4473,8,5
4475,3,6
4476,5,6
4477,8,6
4478,10,5
4479,10,5
4482,10,5
4483,5,6
4484,9,4
4486,8,6
4487,9,6
4488,5,6
4489,4,6
4490,4,6
4491,5,6
4492,8,6
4493,8,6
4494,6,6
4495,4,6
4496,2,6
4497,4,6
4499,9,5
4500,5,6
4501,1,6
4503,1,6
4505,9,5
4506,10,5
4507,8,6
4508,5,5
4509,5,4
4510,9,5
4511,8,6
4512,5,6
4513,5,6
4514,4,6
4516,8,6
4517,4,6
4518,9,6
4520,3,6
4521,10,5
4522,10,5
4524,2,5
4525,3,6
4526,3,6
4527,10,6
4528,9,6
4529,9,6
4530,2,6
4531,2,6
4532,2,6
4533,5,6
4534,3,5
4535,4,6
4536,2,6
4537,2,6
4538,7,5
4539,7,6
4540,7,5
4541,5,6
4542,5,6
4543,7,5
4544,7,5
4545,5,6
4546,4,6
4547,8,6
4548,5,6
4549,10,5
4550,7,5
4551,7,6
4552,7,6
4554,5,6
4555,5,6
4557,8,5
4558,10,6
4559,6,6
4560,6,7
4561,5,6
4562,4,6
4563,6,7
4564,5,7
4565,7,7
4567,1,5
4569,5,6
4570,9,6
4571,5,6
4572,5,7
4573,5,7
4574,4,6
4575,8,7
4576,5,7
4577,5,5
4578,3,6
4579,5,7
4580,3,6
4581,3,6
4582,5,6
4584,10,6
4585,4,6
4586,5,6
4587,5,6
4588,7,6
4589,6,5
4590,5,6
4591,10,6
4593,4,6
4594,3,6
4595,5,6
4596,1,6
4599,3,6
4600,5,7
4601,7,6
4603,3,6
4604,5,6
4605,1,6
4606,8,6
4607,8,5
4608,3,6
4609,8,7
4611,4,6
4612,5,5
4613,10,5
4614,9,5
4616,5,7
4617,8,5
4619,5,7
4621,4,6
4622,7,7
4624,8,6
4625,4,6
4628,8,6
4629,8,6
4630,4,7
4631,3,7
4632,8,7
4634,10,6
4635,10,6
4636,9,6
4638,8,6
4641,8,6
4642,8,6
4643,5,7
4644,10,6
4645,4,6
4646,5,7
4647,8,7
4648,5,7
4652,5,7
4653,10,5
4654,4,7
4655,10,7
4656,10,7
4657,10,7
4658,10,7
4659,4,6
4660,4,6
4661,8,6
4662,1,5
4663,1,6
4664,6,7
4665,6,7
4666,1,6
4667,10,5
4668,6,7
4669,6,7
4670,5,5
4671,2,6
4672,5,5
4673,5,5
4674,5,7
4675,5,7
4676,6,6
4677,3,6
4678,5,7
4679,2,6
4682,5,6
4683,4,6
4684,4,6
4685,5,6
4686,3,5
4688,3,6
4689,3,6
4690,3,6
4691,3,6
4692,2,7
4693,6,5
4694,3,6
4695,2,7
4696,8,7
4698,8,7
4700,2,5
4701,2,5
4704,5,7
4705,10,6
4706,9,6
4707,4,7
4708,3,6
4709,8,6
4710,5,6
4711,5,7
4712,3,6
4713,9,6
4714,9,6
4715,4,7
4716,9,6
4717,8,6
4719,9,6
4720,9,6
4721,8,5
4722,9,6
4723,9,6
4724,10,6
4725,9,6
4726,3,6
4727,8,6
4728,9,6
4729,1,6
4730,7,5
4732,5,6
4733,5,6
4734,5,6
4735,5,6
4736,8,6
4737,8,6
4738,5,7
4739,5,6
4740,5,6
4741,10,5
4742,5,6
4743,5,6
4744,5,5
4747,2,6
4748,3,6
4749,2,5
4750,2,6
4751,5,5
4753,8,7
4755,3,6
4757,4,7
4758,4,7
4759,8,6
4760,9,6
4761,9,6
4762,3,6
4763,5,7
4764,5,7
4765,5,6
4766,5,8
4767,5,8
4768,6,7
4769,2,6
4770,2,6
4771,2,6
4772,2,6
4773,10,5
4774,5,7
4775,7,4
4778,8,6
4779,3,6
4782,9,5
4783,2,6
4784,2,6
4785,2,5
4786,4,7
4789,2,5
4791,4,6
4792,2,6
4796,8,7
4797,8,7
4798,5,6
4799,3,5
4800,9,6
4801,5,7
4802,8,7
4803,5,8
4804,8,7
4805,4,4
4806,9,6
4808,8,6
4810,6,6
4811,6,5
4813,5,7
4815,8,6
4817,3,6
4818,8,6
4820,8,6
4822,7,6
4823,1,6
4824,4,7
4825,3,5
4826,6,6
4827,6,6
4828,8,6
4829,3,5
4830,4,7
4831,9,6
4832,9,6
4833,9,5
4834,5,6
4835,5,7
4836,5,6
4838,1,6
4839,5,6
4840,5,4
4841,1,7
4843,5,6
4844,5,5
4845,5,6
4847,5,6
4849,1,6
4850,10,5
4851,1,6
4852,10,5
4853,8,5
4854,5,5
4855,8,6
4856,2,6
4857,2,6
4858,4,6
4859,10,5
4860,4,6
4862,5,6
4863,5,6
4864,4,7
4865,9,5
4866,4,6
4867,5,6
4869,6,6
4870,9,6
4871,4,7
4872,5,6
4873,10,5
4874,5,6
4875,6,6
4876,7,6
4877,5,7
4880,10,6
4881,10,6
4882,3,6
4883,5,5
4884,5,6
4885,10,5
4886,10,6
4889,9,5
4890,3,6
4891,4,6
4892,5,6
4893,6,5
4894,5,6
4895,10,5
4896,9,6
4897,5,7
4898,5,6
